REGION	POS	REF	ALT	REF_DP	REF_RV	REF_QUAL	ALT_DP	ALT_RV	ALT_QUAL	ALT_FREQ	TOTAL_DP	PVAL	PASS	GFF_FEATURE	REF_CODON	REF_AA	ALT_CODON	ALT_AA
CHIKV_SP	1	G	T	7574	0	35	6	0	35	0.000791557	7580	0.709639	FALSE	NA	NA	NA	NA	NA
CHIKV_SP	2	C	T	7479	0	30	1	0	37	0.000133529	7489	0.996084	FALSE	NA	NA	NA	NA	NA
CHIKV_SP	2	C	G	7479	0	30	8	0	35	0.00106823	7489	0.499895	FALSE	NA	NA	NA	NA	NA
CHIKV_SP	2	C	A	7479	0	30	1	0	37	0.000133529	7489	0.996084	FALSE	NA	NA	NA	NA	NA
CHIKV_SP	3	C	G	7871	0	36	2	0	37	0.000254033	7873	0.980504	FALSE	NA	NA	NA	NA	NA
CHIKV_SP	4	A	C	7486	0	35	16	0	33	0.00213276	7502	0.0464763	FALSE	NA	NA	NA	NA	NA
CHIKV_SP	4	A	+CA	7486	0	35	1	0	20	0.000133298	7502	1	FALSE	NA	NA	NA	NA	NA
CHIKV_SP	4	A	+A	7486	0	35	10	0	20	0.00133298	7502	1	FALSE	NA	NA	NA	NA	NA
CHIKV_SP	5	T	G	7540	0	35	1	0	25	0.000132521	7546	1	FALSE	NA	NA	NA	NA	NA
CHIKV_SP	5	T	A	7540	0	35	5	0	32	0.000662603	7546	0.806248	FALSE	NA	NA	NA	NA	NA
CHIKV_SP	5	T	-C	7540	0	35	2	0	20	0.000265041	7546	1	FALSE	NA	NA	NA	NA	NA
CHIKV_SP	6	C	A	7744	0	36	6	0	29	0.000774194	7750	1	FALSE	NA	NA	NA	NA	NA
CHIKV_SP	6	C	-A	7744	0	36	4	0	20	0.000515996	7752	1	FALSE	NA	NA	NA	NA	NA
CHIKV_SP	7	A	C	7799	0	36	1	0	25	0.000128205	7800	1	FALSE	NA	NA	NA	NA	NA
CHIKV_SP	7	A	-T	7799	0	36	18	0	20	0.00230651	7804	1	FALSE	NA	NA	NA	NA	NA
CHIKV_SP	8	T	G	7403	0	35	1	0	25	0.000134989	7408	1	FALSE	NA	NA	NA	NA	NA
CHIKV_SP	8	T	A	7403	0	35	4	0	25	0.000539957	7408	1	FALSE	NA	NA	NA	NA	NA
CHIKV_SP	9	T	C	7709	0	36	2	0	37	0.000259269	7714	0.980478	FALSE	NA	NA	NA	NA	NA
CHIKV_SP	9	T	A	7709	0	36	3	0	25	0.000388903	7714	1	FALSE	NA	NA	NA	NA	NA
CHIKV_SP	9	T	-AA	7709	0	36	2	0	20	0.000259269	7714	1	FALSE	NA	NA	NA	NA	NA
CHIKV_SP	9	T	-A	7709	0	36	34	0	20	0.00440757	7714	0.99999	FALSE	NA	NA	NA	NA	NA
CHIKV_SP	10	A	T	7904	0	36	1	0	37	0.000126486	7906	0.996025	FALSE	NA	NA	NA	NA	NA
CHIKV_SP	10	A	G	7904	0	36	1	0	25	0.000126486	7906	1	FALSE	NA	NA	NA	NA	NA
CHIKV_SP	11	A	-AT	7885	0	36	1	0	20	0.000126791	7887	1	FALSE	NA	NA	NA	NA	NA
CHIKV_SP	12	A	-T	7836	0	36	1	0	20	0.0001276	7837	1	FALSE	NA	NA	NA	NA	NA
CHIKV_SP	13	T	C	7761	0	36	1	0	37	0.000128733	7768	0.996085	FALSE	NA	NA	NA	NA	NA
CHIKV_SP	13	T	A	7761	0	36	6	0	27	0.0007724	7768	1	FALSE	NA	NA	NA	NA	NA
CHIKV_SP	13	T	-A	7761	0	36	10	0	20	0.00128684	7771	1	FALSE	NA	NA	NA	NA	NA
CHIKV_SP	14	A	T	7910	0	36	1	0	37	0.000126406	7911	0.996081	FALSE	NA	NA	NA	NA	NA
CHIKV_SP	14	A	-T	7910	0	36	1	0	20	0.000126231	7922	1	FALSE	NA	NA	NA	NA	NA
CHIKV_SP	15	T	C	7794	0	36	1	0	37	0.000128254	7797	0.996097	FALSE	NA	NA	NA	NA	NA
CHIKV_SP	15	T	A	7794	0	36	2	0	31	0.000256509	7797	0.980487	FALSE	NA	NA	NA	NA	NA
CHIKV_SP	16	G	T	7738	0	36	9	0	29	0.00116174	7747	1	FALSE	NA	NA	NA	NA	NA
CHIKV_SP	18	A	G	7874	0	36	3	0	37	0.000380856	7877	0.945391	FALSE	NA	NA	NA	NA	NA
CHIKV_SP	19	G	T	7706	0	36	2	0	31	0.000259403	7710	0.980487	FALSE	NA	NA	NA	NA	NA
CHIKV_SP	19	G	C	7706	0	36	1	0	25	0.000129702	7710	1	FALSE	NA	NA	NA	NA	NA
CHIKV_SP	19	G	A	7706	0	36	1	0	37	0.000129702	7710	0.996097	FALSE	NA	NA	NA	NA	NA
CHIKV_SP	20	C	T	7834	0	36	1	0	37	0.0001276	7837	0.996099	FALSE	NA	NA	NA	NA	NA
CHIKV_SP	20	C	A	7834	0	36	2	0	37	0.0002552	7837	0.980496	FALSE	NA	NA	NA	NA	NA
CHIKV_SP	21	C	A	7926	0	36	1	0	25	0.000126151	7927	1	FALSE	NA	NA	NA	NA	NA
CHIKV_SP	22	A	C	7777	0	36	1	0	25	0.000128568	7778	1	FALSE	NA	NA	NA	NA	NA
CHIKV_SP	23	G	T	7739	0	36	2	0	31	0.000258264	7744	0.980478	FALSE	NA	NA	NA	NA	NA
CHIKV_SP	23	G	C	7739	0	36	2	0	25	0.000258264	7744	1	FALSE	NA	NA	NA	NA	NA
CHIKV_SP	23	G	A	7739	0	36	1	0	37	0.000129132	7744	0.996095	FALSE	NA	NA	NA	NA	NA
CHIKV_SP	24	C	T	7921	0	36	1	0	37	0.000126215	7923	0.996101	FALSE	NA	NA	NA	NA	NA
CHIKV_SP	24	C	A	7921	0	36	1	0	25	0.000126215	7923	1	FALSE	NA	NA	NA	NA	NA
CHIKV_SP	27	G	C	7763	0	36	1	0	25	0.0001288	7764	1	FALSE	NA	NA	NA	NA	NA
CHIKV_SP	28	A	G	7812	0	36	1	0	37	0.000127992	7813	0.996103	FALSE	NA	NA	NA	NA	NA
CHIKV_SP	29	A	T	7918	0	36	1	0	37	0.000126263	7920	0.996101	FALSE	NA	NA	NA	NA	NA
CHIKV_SP	29	A	G	7918	0	36	1	0	37	0.000126263	7920	0.996101	FALSE	NA	NA	NA	NA	NA
CHIKV_SP	30	A	G	7851	0	36	2	0	31	0.00025468	7853	0.980505	FALSE	NA	NA	NA	NA	NA
CHIKV_SP	32	G	T	7827	0	36	1	0	37	0.00012773	7829	0.996101	FALSE	NA	NA	NA	NA	NA
CHIKV_SP	32	G	A	7827	0	36	1	0	37	0.00012773	7829	0.996101	FALSE	NA	NA	NA	NA	NA
CHIKV_SP	34	A	C	7898	0	36	1	0	37	0.000126598	7899	0.996103	FALSE	NA	NA	NA	NA	NA
CHIKV_SP	35	A	C	7304	0	34	1	0	37	0.000136893	7305	0.996103	FALSE	NA	NA	NA	NA	NA
CHIKV_SP	36	G	C	7774	0	36	3	0	25	0.000385753	7777	1	FALSE	NA	NA	NA	NA	NA
CHIKV_SP	37	T	C	7845	0	36	1	0	37	0.000127437	7847	0.996101	FALSE	NA	NA	NA	NA	NA
CHIKV_SP	37	T	A	7845	0	36	1	0	25	0.000127437	7847	1	FALSE	NA	NA	NA	NA	NA
CHIKV_SP	38	G	T	7832	0	36	3	0	25	0.000382897	7835	1	FALSE	NA	NA	NA	NA	NA
CHIKV_SP	40	G	T	7828	0	36	3	0	25	0.000383093	7831	1	FALSE	NA	NA	NA	NA	NA
CHIKV_SP	41	C	T	7882	0	36	9	0	37	0.00114054	7891	0.401859	FALSE	NA	NA	NA	NA	NA
CHIKV_SP	42	G	C	7841	0	36	1	0	37	0.000127518	7842	0.996103	FALSE	NA	NA	NA	NA	NA
CHIKV_SP	44	T	A	7799	0	36	2	0	37	0.000256377	7801	0.980505	FALSE	NA	NA	NA	NA	NA
CHIKV_SP	45	G	T	7849	0	36	1	0	25	0.00012734	7853	1	FALSE	NA	NA	NA	NA	NA
CHIKV_SP	45	G	C	7849	0	36	3	0	25	0.00038202	7853	1	FALSE	NA	NA	NA	NA	NA
CHIKV_SP	47	A	G	7907	0	36	1	0	25	0.000126438	7909	1	FALSE	NA	NA	NA	NA	NA
CHIKV_SP	47	A	C	7907	0	36	1	0	25	0.000126438	7909	1	FALSE	NA	NA	NA	NA	NA
CHIKV_SP	48	T	G	7598	0	35	1	0	25	0.000131579	7600	1	FALSE	NA	NA	NA	NA	NA
CHIKV_SP	48	T	A	7598	0	35	1	0	25	0.000131579	7600	1	FALSE	NA	NA	NA	NA	NA
CHIKV_SP	49	T	A	7849	0	36	3	0	33	0.000382068	7852	0.945391	FALSE	NA	NA	NA	NA	NA
CHIKV_SP	50	C	A	7854	0	36	8	0	28	0.00101755	7862	1	FALSE	NA	NA	NA	NA	NA
CHIKV_SP	51	G	T	7851	0	36	3	0	33	0.000381971	7854	0.945391	FALSE	NA	NA	NA	NA	NA
CHIKV_SP	52	A	C	7937	0	36	1	0	37	0.000125976	7938	0.996103	FALSE	NA	NA	NA	NA	NA
CHIKV_SP	53	T	A	7884	0	36	1	0	25	0.000126823	7885	1	FALSE	NA	NA	NA	NA	NA
CHIKV_SP	54	G	T	7813	0	36	12	0	29	0.00153355	7825	1	FALSE	NA	NA	NA	NA	NA
CHIKV_SP	56	C	A	7867	0	36	1	0	25	0.000127097	7868	1	FALSE	NA	NA	NA	NA	NA
CHIKV_SP	57	T	C	7817	0	36	2	0	37	0.000255591	7825	0.980451	FALSE	NA	NA	NA	NA	NA
CHIKV_SP	57	T	A	7817	0	36	6	0	31	0.000766773	7825	0.709473	FALSE	NA	NA	NA	NA	NA
CHIKV_SP	60	C	T	7791	0	36	1	0	37	0.000127291	7856	0.995973	FALSE	NA	NA	NA	NA	NA
CHIKV_SP	60	C	A	7791	0	36	64	0	34	0.00814664	7856	5.68498e-13	TRUE	NA	NA	NA	NA	NA
CHIKV_SP	61	G	T	7763	0	36	1	0	37	0.000128518	7781	0.996069	FALSE	NA	NA	NA	NA	NA
CHIKV_SP	61	G	C	7763	0	36	1	0	25	0.000128518	7781	1	FALSE	NA	NA	NA	NA	NA
CHIKV_SP	61	G	A	7763	0	36	16	0	37	0.00205629	7781	0.0464196	FALSE	NA	NA	NA	NA	NA
CHIKV_SP	62	C	A	7915	0	36	1	0	37	0.000126326	7916	0.996103	FALSE	NA	NA	NA	NA	NA
CHIKV_SP	63	C	A	7914	0	36	2	0	31	0.000252653	7916	0.980504	FALSE	NA	NA	NA	NA	NA
CHIKV_SP	63	C	-G	7914	0	36	1	0	20	0.000126326	7916	1	FALSE	NA	NA	NA	NA	NA
CHIKV_SP	64	G	T	7841	0	36	1	0	25	0.00012747	7845	1	FALSE	NA	NA	NA	NA	NA
CHIKV_SP	64	G	C	7841	0	36	1	0	25	0.00012747	7845	1	FALSE	NA	NA	NA	NA	NA
CHIKV_SP	64	G	A	7841	0	36	2	0	31	0.000254939	7845	0.980478	FALSE	NA	NA	NA	NA	NA
CHIKV_SP	65	T	G	7830	0	36	1	0	37	0.000127649	7834	0.996097	FALSE	NA	NA	NA	NA	NA
CHIKV_SP	65	T	A	7830	0	36	3	0	33	0.000382946	7834	0.945369	FALSE	NA	NA	NA	NA	NA
CHIKV_SP	66	C	T	7900	0	36	1	0	25	0.000126534	7903	1	FALSE	NA	NA	NA	NA	NA
CHIKV_SP	66	C	A	7900	0	36	2	0	25	0.000253068	7903	1	FALSE	NA	NA	NA	NA	NA
CHIKV_SP	67	A	G	7940	0	36	1	0	25	0.000125929	7941	1	FALSE	NA	NA	NA	NA	NA
CHIKV_SP	68	C	A	7866	0	36	2	0	31	0.000254194	7868	0.980504	FALSE	NA	NA	NA	NA	NA
CHIKV_SP	69	T	C	7775	0	36	1	0	37	0.000128436	7786	0.996083	FALSE	NA	NA	NA	NA	NA
CHIKV_SP	69	T	A	7775	0	36	10	0	26	0.00128436	7786	1	FALSE	NA	NA	NA	NA	NA
CHIKV_SP	70	A	C	7733	0	35	3	0	25	0.000387797	7736	1	FALSE	NA	NA	NA	NA	NA
CHIKV_SP	71	T	A	7568	0	35	5	0	25	0.00066024	7573	1	FALSE	NA	NA	NA	NA	NA
CHIKV_SP	72	T	C	7843	0	36	1	0	37	0.000127453	7846	0.996099	FALSE	NA	NA	NA	NA	NA
CHIKV_SP	72	T	A	7843	0	36	2	0	37	0.000254907	7846	0.980496	FALSE	NA	NA	NA	NA	NA
CHIKV_SP	73	C	T	7833	0	36	1	0	37	0.000127486	7844	0.996083	FALSE	NA	NA	NA	NA	NA
CHIKV_SP	73	C	A	7833	0	36	10	0	27	0.00127486	7844	1	FALSE	NA	NA	NA	NA	NA
CHIKV_SP	76	G	T	7931	0	36	3	0	29	0.000378072	7935	1	FALSE	NA	NA	NA	NA	NA
CHIKV_SP	76	G	A	7931	0	36	1	0	37	0.000126024	7935	0.996097	FALSE	NA	NA	NA	NA	NA
CHIKV_SP	77	A	T	7813	0	36	1	0	25	0.000127975	7814	1	FALSE	NA	NA	NA	NA	NA
CHIKV_SP	78	A	G	7358	0	35	2	0	37	0.000271555	7365	0.980459	FALSE	NA	NA	NA	NA	NA
CHIKV_SP	78	A	C	7358	0	35	5	0	27	0.000678887	7365	1	FALSE	NA	NA	NA	NA	NA
CHIKV_SP	79	G	T	7846	0	36	1	0	25	0.000127421	7848	1	FALSE	NA	NA	NA	NA	NA
CHIKV_SP	79	G	A	7846	0	36	1	0	37	0.000127421	7848	0.996101	FALSE	NA	NA	NA	NA	NA
CHIKV_SP	80	C	A	7837	0	36	2	0	31	0.000255135	7839	0.980505	FALSE	NA	NA	NA	NA	NA
CHIKV_SP	82	G	T	7922	0	36	3	0	33	0.000378549	7925	0.94539	FALSE	NA	NA	NA	NA	NA
CHIKV_SP	83	A	C	7682	0	35	1	0	25	0.000130157	7683	1	FALSE	NA	NA	NA	NA	NA
CHIKV_SP	84	A	C	7643	0	35	1	0	37	0.000130822	7644	0.996103	FALSE	NA	NA	NA	NA	NA
CHIKV_SP	85	A	C	7698	0	35	1	0	25	0.000129887	7699	1	FALSE	NA	NA	NA	NA	NA
CHIKV_SP	86	T	G	7697	0	36	2	0	31	0.000259605	7704	0.98046	FALSE	NA	NA	NA	NA	NA
CHIKV_SP	86	T	C	7697	0	36	1	0	37	0.000129803	7704	0.996091	FALSE	NA	NA	NA	NA	NA
CHIKV_SP	86	T	A	7697	0	36	4	0	31	0.000519211	7704	0.886719	FALSE	NA	NA	NA	NA	NA
CHIKV_SP	87	A	G	7839	0	36	1	0	37	0.000127551	7840	0.996103	FALSE	NA	NA	NA	NA	NA
CHIKV_SP	88	G	T	7761	0	36	1	0	37	0.000128833	7762	0.996103	FALSE	NA	NA	NA	NA	NA
CHIKV_SP	89	A	T	7803	0	36	1	0	25	0.000128139	7804	1	FALSE	NA	NA	NA	NA	NA
CHIKV_SP	90	A	C	7773	0	36	1	0	37	0.000128634	7774	0.996103	FALSE	NA	NA	NA	NA	NA
CHIKV_SP	91	G	T	7760	0	36	3	0	29	0.000386449	7763	1	FALSE	NA	NA	NA	NA	NA
CHIKV_SP	93	A	T	7767	0	36	1	0	37	0.000128717	7769	0.996101	FALSE	NA	NA	NA	NA	NA
CHIKV_SP	93	A	G	7767	0	36	1	0	37	0.000128717	7769	0.996101	FALSE	NA	NA	NA	NA	NA
CHIKV_SP	94	G	T	7826	0	36	5	0	29	0.000638407	7832	1	FALSE	NA	NA	NA	NA	NA
CHIKV_SP	94	G	A	7826	0	36	1	0	37	0.000127681	7832	0.996093	FALSE	NA	NA	NA	NA	NA
CHIKV_SP	95	A	T	7710	0	35	1	0	25	0.000129668	7712	1	FALSE	NA	NA	NA	NA	NA
CHIKV_SP	95	A	G	7710	0	35	1	0	37	0.000129668	7712	0.996101	FALSE	NA	NA	NA	NA	NA
CHIKV_SP	96	A	G	7666	0	35	3	0	33	0.000391134	7670	0.94537	FALSE	NA	NA	NA	NA	NA
CHIKV_SP	96	A	C	7666	0	35	1	0	37	0.000130378	7670	0.996097	FALSE	NA	NA	NA	NA	NA
CHIKV_SP	97	G	T	7803	0	36	3	0	25	0.000384271	7807	1	FALSE	NA	NA	NA	NA	NA
CHIKV_SP	97	G	C	7803	0	36	1	0	25	0.00012809	7807	1	FALSE	NA	NA	NA	NA	NA
CHIKV_SP	98	G	T	7865	0	36	2	0	31	0.000254227	7867	0.980504	FALSE	NA	NA	NA	NA	NA
CHIKV_SP	99	G	T	7887	0	36	4	0	25	0.000506907	7891	1	FALSE	NA	NA	NA	NA	NA
CHIKV_SP	100	A	C	7821	0	36	3	0	25	0.000383436	7824	1	FALSE	NA	NA	NA	NA	NA
CHIKV_SP	101	A	C	6543	0	34	12	0	28	0.00183066	6555	1	FALSE	NA	NA	NA	NA	NA
CHIKV_SP	102	C	T	7340	0	34	6	0	37	0.00081666	7347	0.709558	FALSE	NA	NA	NA	NA	NA
CHIKV_SP	102	C	A	7340	0	34	1	0	25	0.00013611	7347	1	FALSE	NA	NA	NA	NA	NA
CHIKV_SP	103	T	C	7676	0	36	1	0	37	0.000130157	7683	0.996091	FALSE	NA	NA	NA	NA	NA
CHIKV_SP	103	T	A	7676	0	36	6	0	29	0.000780945	7683	1	FALSE	NA	NA	NA	NA	NA
CHIKV_SP	104	C	G	7793	0	36	1	0	25	0.000128254	7797	1	FALSE	NA	NA	NA	NA	NA
CHIKV_SP	104	C	A	7793	0	36	3	0	33	0.000384763	7797	0.945369	FALSE	NA	NA	NA	NA	NA
CHIKV_SP	105	T	G	7575	0	35	1	0	25	0.000131944	7579	1	FALSE	NA	NA	NA	NA	NA
CHIKV_SP	105	T	A	7575	0	35	3	0	33	0.000395831	7579	0.94537	FALSE	NA	NA	NA	NA	NA
CHIKV_SP	106	C	T	7830	0	36	1	0	37	0.000127649	7834	0.996097	FALSE	NA	NA	NA	NA	NA
CHIKV_SP	106	C	G	7830	0	36	1	0	25	0.000127649	7834	1	FALSE	NA	NA	NA	NA	NA
CHIKV_SP	106	C	A	7830	0	36	2	0	25	0.000255297	7834	1	FALSE	NA	NA	NA	NA	NA
CHIKV_SP	107	A	G	7321	0	35	1	0	37	0.000136556	7323	0.996101	FALSE	NA	NA	NA	NA	NA
CHIKV_SP	107	A	C	7321	0	35	1	0	25	0.000136556	7323	1	FALSE	NA	NA	NA	NA	NA
CHIKV_SP	108	G	T	7862	0	36	2	0	37	0.000254291	7865	0.980496	FALSE	NA	NA	NA	NA	NA
CHIKV_SP	108	G	C	7862	0	36	1	0	25	0.000127146	7865	1	FALSE	NA	NA	NA	NA	NA
CHIKV_SP	109	T	G	7403	0	35	2	0	25	0.000270015	7407	1	FALSE	NA	NA	NA	NA	NA
CHIKV_SP	109	T	C	7403	0	35	1	0	37	0.000135007	7407	0.996097	FALSE	NA	NA	NA	NA	NA
CHIKV_SP	109	T	A	7403	0	35	1	0	25	0.000135007	7407	1	FALSE	NA	NA	NA	NA	NA
CHIKV_SP	110	T	G	7676	0	35	1	0	25	0.000130259	7677	1	FALSE	NA	NA	NA	NA	NA
CHIKV_SP	111	G	T	7878	0	36	4	0	25	0.000507421	7883	1	FALSE	NA	NA	NA	NA	NA
CHIKV_SP	111	G	A	7878	0	36	1	0	37	0.000126855	7883	0.996095	FALSE	NA	NA	NA	NA	NA
CHIKV_SP	112	C	G	7896	0	36	1	0	37	0.000126582	7900	0.996097	FALSE	NA	NA	NA	NA	NA
CHIKV_SP	112	C	A	7896	0	36	3	0	29	0.000379747	7900	1	FALSE	NA	NA	NA	NA	NA
CHIKV_SP	112	C	-A	7896	0	36	1	0	20	0.000126582	7900	1	FALSE	NA	NA	NA	NA	NA
CHIKV_SP	113	A	T	7791	0	36	1	0	25	0.000128304	7794	1	FALSE	NA	NA	NA	NA	NA
CHIKV_SP	113	A	C	7791	0	36	2	0	31	0.000256608	7794	0.980487	FALSE	NA	NA	NA	NA	NA
CHIKV_SP	114	A	T	7622	0	35	1	0	37	0.000131148	7625	0.996099	FALSE	NA	NA	NA	NA	NA
CHIKV_SP	114	A	C	7622	0	35	2	0	25	0.000262295	7625	1	FALSE	NA	NA	NA	NA	NA
CHIKV_SP	114	A	-ATC	7622	0	35	1	0	20	0.000131148	7625	1	FALSE	NA	NA	NA	NA	NA
CHIKV_SP	115	A	C	7829	0	36	1	0	25	0.000127714	7830	1	FALSE	NA	NA	NA	NA	NA
CHIKV_SP	116	T	A	7854	0	36	9	0	25	0.0011446	7863	1	FALSE	NA	NA	NA	NA	NA
CHIKV_SP	117	C	A	7790	0	36	14	0	27	0.00179395	7804	1	FALSE	NA	NA	NA	NA	NA
CHIKV_SP	118	T	A	7915	0	36	3	0	33	0.000378884	7918	0.94539	FALSE	NA	NA	NA	NA	NA
CHIKV_SP	119	C	A	7788	0	36	13	0	27	0.00166645	7801	1	FALSE	NA	NA	NA	NA	NA
CHIKV_SP	120	T	C	7832	0	36	2	0	37	0.000255167	7838	0.980469	FALSE	NA	NA	NA	NA	NA
CHIKV_SP	120	T	A	7832	0	36	4	0	28	0.000510334	7838	1	FALSE	NA	NA	NA	NA	NA
CHIKV_SP	121	T	G	7544	0	35	1	0	37	0.000132521	7546	0.996101	FALSE	NA	NA	NA	NA	NA
CHIKV_SP	121	T	A	7544	0	35	1	0	37	0.000132521	7546	0.996101	FALSE	NA	NA	NA	NA	NA
CHIKV_SP	122	T	G	7780	0	35	1	0	25	0.000128518	7781	1	FALSE	NA	NA	NA	NA	NA
CHIKV_SP	123	T	G	7640	0	35	2	0	25	0.000261609	7645	1	FALSE	NA	NA	NA	NA	NA
CHIKV_SP	123	T	A	7640	0	35	3	0	29	0.000392413	7645	1	FALSE	NA	NA	NA	NA	NA
CHIKV_SP	124	T	A	7980	0	36	2	0	31	0.000250564	7982	0.980504	FALSE	NA	NA	NA	NA	NA
CHIKV_SP	125	C	T	7815	0	36	1	0	25	0.000127698	7831	1	FALSE	NA	NA	NA	NA	NA
CHIKV_SP	125	C	A	7815	0	36	15	0	30	0.00191546	7831	0.0667639	FALSE	NA	NA	NA	NA	NA
CHIKV_SP	126	G	T	7775	0	35	2	0	31	0.000257136	7778	0.980496	FALSE	NA	NA	NA	NA	NA
CHIKV_SP	126	G	A	7775	0	35	1	0	37	0.000128568	7778	0.996099	FALSE	NA	NA	NA	NA	NA
CHIKV_SP	127	A	T	7861	0	36	2	0	31	0.000254323	7864	0.980496	FALSE	NA	NA	NA	NA	NA
CHIKV_SP	127	A	G	7861	0	36	1	0	25	0.000127162	7864	1	FALSE	NA	NA	NA	NA	NA
CHIKV_SP	128	C	T	7902	0	36	1	0	37	0.000126486	7906	0.996097	FALSE	NA	NA	NA	NA	NA
CHIKV_SP	128	C	G	7902	0	36	1	0	25	0.000126486	7906	1	FALSE	NA	NA	NA	NA	NA
CHIKV_SP	128	C	A	7902	0	36	2	0	25	0.000252972	7906	1	FALSE	NA	NA	NA	NA	NA
CHIKV_SP	129	G	C	7857	0	36	3	0	25	0.000381631	7861	1	FALSE	NA	NA	NA	NA	NA
CHIKV_SP	129	G	A	7857	0	36	1	0	25	0.00012721	7861	1	FALSE	NA	NA	NA	NA	NA
CHIKV_SP	129	G	-GCCC	7857	0	36	1	0	20	0.00012721	7861	1	FALSE	NA	NA	NA	NA	NA
CHIKV_SP	132	C	A	7867	0	36	5	0	29	0.000635163	7872	1	FALSE	NA	NA	NA	NA	NA
CHIKV_SP	133	C	G	7920	0	36	1	0	25	0.000126199	7924	1	FALSE	NA	NA	NA	NA	NA
CHIKV_SP	133	C	A	7920	0	36	3	0	37	0.000378597	7924	0.945346	FALSE	NA	NA	NA	NA	NA
CHIKV_SP	134	T	G	7738	0	36	2	0	37	0.000258098	7749	0.980423	FALSE	NA	NA	NA	NA	NA
CHIKV_SP	134	T	C	7738	0	36	2	0	37	0.000258098	7749	0.980423	FALSE	NA	NA	NA	NA	NA
CHIKV_SP	134	T	A	7738	0	36	7	0	25	0.000903342	7749	1	FALSE	NA	NA	NA	NA	NA
CHIKV_SP	134	T	+CATTAAATATGC	7738	0	36	1	0	20	0.000129049	7749	1	FALSE	NA	NA	NA	NA	NA
CHIKV_SP	135	A	T	7674	0	35	1	0	37	0.000130242	7678	0.996097	FALSE	NA	NA	NA	NA	NA
CHIKV_SP	135	A	G	7674	0	35	2	0	31	0.000260485	7678	0.980487	FALSE	NA	NA	NA	NA	NA
CHIKV_SP	135	A	C	7674	0	35	1	0	25	0.000130242	7678	1	FALSE	NA	NA	NA	NA	NA
CHIKV_SP	136	G	T	7560	0	35	7	0	26	0.000924825	7569	1	FALSE	NA	NA	NA	NA	NA
CHIKV_SP	136	G	C	7560	0	35	1	0	25	0.000132118	7569	1	FALSE	NA	NA	NA	NA	NA
CHIKV_SP	136	G	A	7560	0	35	1	0	37	0.000132118	7569	0.996087	FALSE	NA	NA	NA	NA	NA
CHIKV_SP	137	C	T	7831	0	36	2	0	37	0.000255135	7839	0.980451	FALSE	NA	NA	NA	NA	NA
CHIKV_SP	137	C	G	7831	0	36	1	0	25	0.000127567	7839	1	FALSE	NA	NA	NA	NA	NA
CHIKV_SP	137	C	A	7831	0	36	5	0	27	0.000637836	7839	1	FALSE	NA	NA	NA	NA	NA
CHIKV_SP	138	C	G	7881	0	36	1	0	25	0.000126871	7882	1	FALSE	NA	NA	NA	NA	NA
CHIKV_SP	139	A	C	7253	0	35	19	0	28	0.00261276	7272	1	FALSE	NA	NA	NA	NA	NA
CHIKV_SP	140	G	C	7886	0	36	1	0	25	0.000126791	7887	1	FALSE	NA	NA	NA	NA	NA
CHIKV_SP	141	C	T	7915	0	36	1	0	25	0.00012631	7917	1	FALSE	NA	NA	NA	NA	NA
CHIKV_SP	141	C	A	7915	0	36	1	0	37	0.00012631	7917	0.996101	FALSE	NA	NA	NA	NA	NA
CHIKV_SP	142	G	T	7860	0	36	1	0	25	0.000127129	7866	1	FALSE	NA	NA	NA	NA	NA
CHIKV_SP	142	G	C	7860	0	36	2	0	25	0.000254259	7866	1	FALSE	NA	NA	NA	NA	NA
CHIKV_SP	142	G	A	7860	0	36	3	0	37	0.000381388	7866	0.945324	FALSE	NA	NA	NA	NA	NA
CHIKV_SP	143	C	A	7891	0	36	2	0	31	0.000253389	7893	0.980504	FALSE	NA	NA	NA	NA	NA
CHIKV_SP	144	C	T	7949	0	36	1	0	37	0.000125755	7952	0.996099	FALSE	NA	NA	NA	NA	NA
CHIKV_SP	144	C	A	7949	0	36	2	0	25	0.000251509	7952	1	FALSE	NA	NA	NA	NA	NA
CHIKV_SP	145	G	T	7820	0	36	1	0	25	0.000127714	7830	1	FALSE	NA	NA	NA	NA	NA
CHIKV_SP	145	G	C	7820	0	36	8	0	25	0.00102171	7830	1	FALSE	NA	NA	NA	NA	NA
CHIKV_SP	145	G	A	7820	0	36	1	0	37	0.000127714	7830	0.996085	FALSE	NA	NA	NA	NA	NA
CHIKV_SP	146	A	G	7852	0	36	1	0	37	0.000127307	7855	0.996099	FALSE	NA	NA	NA	NA	NA
CHIKV_SP	146	A	C	7852	0	36	2	0	31	0.000254615	7855	0.980496	FALSE	NA	NA	NA	NA	NA
CHIKV_SP	147	A	G	7324	0	35	1	0	37	0.000136482	7327	0.996099	FALSE	NA	NA	NA	NA	NA
CHIKV_SP	147	A	C	7324	0	35	2	0	31	0.000272963	7327	0.980498	FALSE	NA	NA	NA	NA	NA
CHIKV_SP	148	T	A	7626	0	35	11	0	29	0.00144036	7637	1	FALSE	NA	NA	NA	NA	NA
CHIKV_SP	149	T	A	7802	0	36	4	0	25	0.000512426	7806	1	FALSE	NA	NA	NA	NA	NA
CHIKV_SP	150	C	A	7814	0	36	16	0	31	0.00204342	7830	0.0464802	FALSE	NA	NA	NA	NA	NA
CHIKV_SP	152	G	C	7795	0	36	4	0	25	0.000512821	7800	1	FALSE	NA	NA	NA	NA	NA
CHIKV_SP	152	G	A	7795	0	36	1	0	25	0.000128205	7800	1	FALSE	NA	NA	NA	NA	NA
CHIKV_SP	154	G	C	7932	0	36	1	0	25	0.000126056	7933	1	FALSE	NA	NA	NA	NA	NA
CHIKV_SP	155	T	G	7754	0	36	2	0	25	0.000257699	7761	1	FALSE	NA	NA	NA	NA	NA
CHIKV_SP	155	T	C	7754	0	36	3	0	33	0.000386548	7761	0.945301	FALSE	NA	NA	NA	NA	NA
CHIKV_SP	155	T	A	7754	0	36	2	0	25	0.000257699	7761	1	FALSE	NA	NA	NA	NA	NA
CHIKV_SP	156	A	C	7255	0	35	14	0	26	0.00192599	7269	1	FALSE	NA	NA	NA	NA	NA
CHIKV_SP	157	C	G	7789	0	36	1	0	37	0.000128271	7796	0.996091	FALSE	NA	NA	NA	NA	NA
CHIKV_SP	157	C	A	7789	0	36	6	0	27	0.000769625	7796	1	FALSE	NA	NA	NA	NA	NA
CHIKV_SP	157	C	-A	7789	0	36	1	0	20	0.000128271	7796	1	FALSE	NA	NA	NA	NA	NA
CHIKV_SP	158	A	C	7550	0	35	3	0	29	0.000397193	7553	1	FALSE	NA	NA	NA	NA	NA
CHIKV_SP	159	A	G	7299	0	35	24	0	37	0.00327332	7332	0.0016316	TRUE	NA	NA	NA	NA	NA
CHIKV_SP	159	A	C	7299	0	35	9	0	29	0.0012275	7332	1	FALSE	NA	NA	NA	NA	NA
CHIKV_SP	160	G	T	7587	0	35	4	0	25	0.000526801	7593	1	FALSE	NA	NA	NA	NA	NA
CHIKV_SP	160	G	C	7587	0	35	1	0	25	0.0001317	7593	1	FALSE	NA	NA	NA	NA	NA
CHIKV_SP	160	G	A	7587	0	35	1	0	25	0.0001317	7593	1	FALSE	NA	NA	NA	NA	NA
CHIKV_SP	161	T	A	7828	0	36	4	0	25	0.000510725	7832	1	FALSE	NA	NA	NA	NA	NA
CHIKV_SP	162	C	T	7893	0	36	1	0	37	0.000126678	7894	0.996103	FALSE	NA	NA	NA	NA	NA
CHIKV_SP	162	C	+G	7893	0	36	1	0	20	0.000126678	7894	1	FALSE	NA	NA	NA	NA	NA
CHIKV_SP	163	T	G	7831	0	36	1	0	25	0.000127649	7834	1	FALSE	NA	NA	NA	NA	NA
CHIKV_SP	163	T	A	7831	0	36	2	0	31	0.000255297	7834	0.980496	FALSE	NA	NA	NA	NA	NA
CHIKV_SP	164	G	C	7843	0	36	1	0	37	0.000127486	7844	0.996103	FALSE	NA	NA	NA	NA	NA
CHIKV_SP	165	T	G	7570	0	35	2	0	25	0.000264061	7574	1	FALSE	NA	NA	NA	NA	NA
CHIKV_SP	165	T	C	7570	0	35	2	0	37	0.000264061	7574	0.980487	FALSE	NA	NA	NA	NA	NA
CHIKV_SP	166	T	C	7929	0	36	1	0	37	0.000126088	7931	0.996101	FALSE	NA	NA	NA	NA	NA
CHIKV_SP	166	T	A	7929	0	36	1	0	25	0.000126088	7931	1	FALSE	NA	NA	NA	NA	NA
CHIKV_SP	167	C	G	7839	0	36	1	0	25	0.000127324	7854	1	FALSE	NA	NA	NA	NA	NA
CHIKV_SP	167	C	A	7839	0	36	14	0	27	0.00178253	7854	1	FALSE	NA	NA	NA	NA	NA
CHIKV_SP	168	T	G	7930	0	35	1	0	25	0.00012604	7934	1	FALSE	NA	NA	NA	NA	NA
CHIKV_SP	168	T	A	7930	0	35	3	0	25	0.000378119	7934	1	FALSE	NA	NA	NA	NA	NA
CHIKV_SP	169	A	G	7701	0	35	2	0	37	0.000259572	7705	0.980487	FALSE	NA	NA	NA	NA	NA
CHIKV_SP	169	A	C	7701	0	35	2	0	31	0.000259572	7705	0.980487	FALSE	NA	NA	NA	NA	NA
CHIKV_SP	170	C	T	7794	0	36	14	0	35	0.00179074	7818	0.0940283	FALSE	NA	NA	NA	NA	NA
CHIKV_SP	170	C	G	7794	0	36	1	0	25	0.00012791	7818	1	FALSE	NA	NA	NA	NA	NA
CHIKV_SP	170	C	A	7794	0	36	9	0	30	0.00115119	7818	0.400351	FALSE	NA	NA	NA	NA	NA
CHIKV_SP	171	A	T	7650	0	35	1	0	25	0.000130702	7651	1	FALSE	NA	NA	NA	NA	NA
CHIKV_SP	172	C	G	7903	0	36	1	0	25	0.000126454	7908	1	FALSE	NA	NA	NA	NA	NA
CHIKV_SP	172	C	A	7903	0	36	4	0	25	0.000505817	7908	1	FALSE	NA	NA	NA	NA	NA
CHIKV_SP	173	A	T	7609	0	35	1	0	25	0.000131389	7611	1	FALSE	NA	NA	NA	NA	NA
CHIKV_SP	173	A	C	7609	0	35	1	0	37	0.000131389	7611	0.996101	FALSE	NA	NA	NA	NA	NA
CHIKV_SP	174	A	C	7540	0	35	4	0	25	0.000530223	7544	1	FALSE	NA	NA	NA	NA	NA
CHIKV_SP	175	G	T	7498	0	35	2	0	31	0.000266454	7506	0.980441	FALSE	NA	NA	NA	NA	NA
CHIKV_SP	175	G	C	7498	0	35	4	0	31	0.000532907	7506	0.886633	FALSE	NA	NA	NA	NA	NA
CHIKV_SP	175	G	A	7498	0	35	2	0	31	0.000266454	7506	0.980441	FALSE	NA	NA	NA	NA	NA
CHIKV_SP	175	G	-T	7498	0	35	1	0	20	0.000133209	7507	1	FALSE	NA	NA	NA	NA	NA
CHIKV_SP	176	T	A	7813	0	35	3	0	33	0.000383828	7816	0.945369	FALSE	NA	NA	NA	NA	NA
CHIKV_SP	177	A	C	7793	0	35	2	0	31	0.000256575	7795	0.980505	FALSE	NA	NA	NA	NA	NA
CHIKV_SP	178	C	A	7768	0	36	15	0	28	0.00192728	7783	1	FALSE	NA	NA	NA	NA	NA
CHIKV_SP	179	A	G	7838	0	36	1	0	37	0.000127567	7839	0.996103	FALSE	NA	NA	NA	NA	NA
CHIKV_SP	180	C	G	7797	0	36	1	0	25	0.000128156	7803	1	FALSE	NA	NA	NA	NA	NA
CHIKV_SP	180	C	A	7797	0	36	5	0	29	0.000640779	7803	1	FALSE	NA	NA	NA	NA	NA
CHIKV_SP	181	T	A	7646	0	36	34	0	27	0.00442708	7680	0.999985	FALSE	NA	NA	NA	NA	NA
CHIKV_SP	182	G	T	7749	0	35	2	0	31	0.000257998	7752	0.980496	FALSE	NA	NA	NA	NA	NA
CHIKV_SP	182	G	A	7749	0	35	1	0	37	0.000128999	7752	0.996099	FALSE	NA	NA	NA	NA	NA
CHIKV_SP	183	T	G	7720	0	36	1	0	37	0.000129433	7726	0.996093	FALSE	NA	NA	NA	NA	NA
CHIKV_SP	183	T	A	7720	0	36	5	0	29	0.000647165	7726	1	FALSE	NA	NA	NA	NA	NA
CHIKV_SP	184	G	T	7823	0	36	7	0	28	0.000893769	7832	1	FALSE	NA	NA	NA	NA	NA
CHIKV_SP	184	G	C	7823	0	36	2	0	25	0.000255363	7832	1	FALSE	NA	NA	NA	NA	NA
CHIKV_SP	185	C	T	7802	0	36	2	0	37	0.000256213	7806	0.980487	FALSE	NA	NA	NA	NA	NA
CHIKV_SP	185	C	A	7802	0	36	2	0	31	0.000256213	7806	0.980487	FALSE	NA	NA	NA	NA	NA
CHIKV_SP	186	A	C	7597	0	35	4	0	28	0.000526247	7601	1	FALSE	NA	NA	NA	NA	NA
CHIKV_SP	187	G	T	7746	0	36	3	0	25	0.000387147	7749	1	FALSE	NA	NA	NA	NA	NA
CHIKV_SP	189	C	A	7888	0	36	2	0	25	0.000253485	7890	1	FALSE	NA	NA	NA	NA	NA
CHIKV_SP	190	G	T	7853	0	36	1	0	25	0.000127226	7860	1	FALSE	NA	NA	NA	NA	NA
CHIKV_SP	190	G	C	7853	0	36	6	0	27	0.000763359	7860	1	FALSE	NA	NA	NA	NA	NA
CHIKV_SP	191	A	C	7839	0	36	3	0	25	0.000382555	7842	1	FALSE	NA	NA	NA	NA	NA
CHIKV_SP	192	G	T	7867	0	36	2	0	31	0.000254097	7871	0.980487	FALSE	NA	NA	NA	NA	NA
CHIKV_SP	192	G	C	7867	0	36	1	0	25	0.000127049	7871	1	FALSE	NA	NA	NA	NA	NA
CHIKV_SP	192	G	A	7867	0	36	1	0	25	0.000127049	7871	1	FALSE	NA	NA	NA	NA	NA
CHIKV_SP	193	T	A	7556	0	35	13	0	32	0.00171753	7569	0.131493	FALSE	NA	NA	NA	NA	NA
CHIKV_SP	194	G	T	7918	0	36	4	0	25	0.000504859	7923	1	FALSE	NA	NA	NA	NA	NA
CHIKV_SP	194	G	A	7918	0	36	1	0	37	0.000126215	7923	0.996095	FALSE	NA	NA	NA	NA	NA
CHIKV_SP	195	C	T	7710	0	35	1	0	37	0.000129601	7716	0.996093	FALSE	NA	NA	NA	NA	NA
CHIKV_SP	195	C	G	7710	0	35	1	0	37	0.000129601	7716	0.996093	FALSE	NA	NA	NA	NA	NA
CHIKV_SP	195	C	A	7710	0	35	4	0	31	0.000518403	7716	0.886761	FALSE	NA	NA	NA	NA	NA
CHIKV_SP	197	A	G	7403	0	35	1	0	37	0.00013488	7414	0.996082	FALSE	NA	NA	NA	NA	NA
CHIKV_SP	197	A	C	7403	0	35	10	0	28	0.0013488	7414	1	FALSE	NA	NA	NA	NA	NA
CHIKV_SP	198	T	G	7550	0	35	1	0	25	0.000132031	7574	1	FALSE	NA	NA	NA	NA	NA
CHIKV_SP	198	T	A	7550	0	35	23	0	29	0.0030367	7574	1	FALSE	NA	NA	NA	NA	NA
CHIKV_SP	199	C	A	7789	0	36	8	0	31	0.00102604	7797	0.500101	FALSE	NA	NA	NA	NA	NA
CHIKV_SP	200	C	A	7785	0	36	2	0	25	0.000256838	7787	1	FALSE	NA	NA	NA	NA	NA
CHIKV_SP	201	A	C	7779	0	36	2	0	25	0.000257036	7781	1	FALSE	NA	NA	NA	NA	NA
CHIKV_SP	202	C	A	7925	0	36	2	0	31	0.000252302	7927	0.980504	FALSE	NA	NA	NA	NA	NA
CHIKV_SP	203	C	G	7893	0	35	1	0	25	0.000126678	7894	1	FALSE	NA	NA	NA	NA	NA
CHIKV_SP	204	G	C	7806	0	36	24	0	28	0.00306513	7830	1	FALSE	NA	NA	NA	NA	NA
CHIKV_SP	205	A	G	7768	0	35	2	0	37	0.000257367	7771	0.980496	FALSE	NA	NA	NA	NA	NA
CHIKV_SP	205	A	C	7768	0	35	1	0	25	0.000128684	7771	1	FALSE	NA	NA	NA	NA	NA
CHIKV_SP	206	A	T	7298	0	35	1	0	25	0.000136799	7310	1	FALSE	NA	NA	NA	NA	NA
CHIKV_SP	206	A	C	7298	0	35	11	0	30	0.00150479	7310	0.240204	FALSE	NA	NA	NA	NA	NA
CHIKV_SP	207	A	T	7510	0	35	1	0	37	0.000132961	7521	0.996082	FALSE	NA	NA	NA	NA	NA
CHIKV_SP	207	A	C	7510	0	35	10	0	28	0.00132961	7521	1	FALSE	NA	NA	NA	NA	NA
CHIKV_SP	208	G	T	7713	0	36	6	0	29	0.000777202	7720	1	FALSE	NA	NA	NA	NA	NA
CHIKV_SP	208	G	C	7713	0	36	1	0	25	0.000129534	7720	1	FALSE	NA	NA	NA	NA	NA
CHIKV_SP	209	A	T	7648	0	35	2	0	25	0.000261438	7650	1	FALSE	NA	NA	NA	NA	NA
CHIKV_SP	210	C	A	7732	0	35	12	0	28	0.00154959	7744	1	FALSE	NA	NA	NA	NA	NA
CHIKV_SP	210	C	+AGATCTG	7732	0	35	1	0	20	0.000129132	7744	1	FALSE	NA	NA	NA	NA	NA
CHIKV_SP	211	C	A	7529	0	35	7	0	28	0.000928875	7536	1	FALSE	NA	NA	NA	NA	NA
CHIKV_SP	211	C	-AT	7529	0	35	17	0	20	0.00225584	7536	1	FALSE	NA	NA	NA	NA	NA
CHIKV_SP	212	A	C	7076	0	35	24	0	29	0.00338028	7100	1	FALSE	NA	NA	NA	NA	NA
CHIKV_SP	213	T	G	6108	0	34	65	0	28	0.0104856	6199	0.414556	FALSE	NA	NA	NA	NA	NA
CHIKV_SP	213	T	A	6108	0	34	26	0	27	0.00419422	6199	0.999962	FALSE	NA	NA	NA	NA	NA
CHIKV_SP	214	A	C	6737	0	34	26	0	29	0.00384445	6763	0.999996	FALSE	NA	NA	NA	NA	NA
CHIKV_SP	215	T	G	7016	0	35	15	0	31	0.00212917	7045	0.0661876	FALSE	NA	NA	NA	NA	NA
CHIKV_SP	215	T	C	7016	0	35	2	0	31	0.000283889	7045	0.980238	FALSE	NA	NA	NA	NA	NA
CHIKV_SP	215	T	A	7016	0	35	12	0	26	0.00170334	7045	1	FALSE	NA	NA	NA	NA	NA
CHIKV_SP	216	A	G	7423	0	35	1	0	37	0.000134499	7435	0.99608	FALSE	NA	NA	NA	NA	NA
CHIKV_SP	216	A	C	7423	0	35	11	0	28	0.00147949	7435	1	FALSE	NA	NA	NA	NA	NA
CHIKV_SP	217	G	T	7661	0	35	4	0	25	0.000521853	7665	1	FALSE	NA	NA	NA	NA	NA
CHIKV_SP	218	T	C	7532	0	35	1	0	37	0.000132679	7537	0.996095	FALSE	NA	NA	NA	NA	NA
CHIKV_SP	218	T	A	7532	0	35	4	0	34	0.000530715	7537	0.886804	FALSE	NA	NA	NA	NA	NA
CHIKV_SP	219	C	A	7898	0	35	10	0	29	0.00126454	7908	1	FALSE	NA	NA	NA	NA	NA
CHIKV_SP	219	C	+GTGT	7898	0	35	1	0	20	0.000126454	7908	1	FALSE	NA	NA	NA	NA	NA
CHIKV_SP	220	A	G	7578	0	35	1	0	37	0.000131839	7585	0.996091	FALSE	NA	NA	NA	NA	NA
CHIKV_SP	220	A	C	7578	0	35	6	0	31	0.000791035	7585	0.709556	FALSE	NA	NA	NA	NA	NA
CHIKV_SP	221	A	G	7127	0	35	1	0	25	0.000140115	7137	1	FALSE	NA	NA	NA	NA	NA
CHIKV_SP	221	A	C	7127	0	35	9	0	29	0.00126103	7137	1	FALSE	NA	NA	NA	NA	NA
CHIKV_SP	222	T	G	7338	0	35	9	0	27	0.00121951	7380	1	FALSE	NA	NA	NA	NA	NA
CHIKV_SP	222	T	A	7338	0	35	33	0	30	0.00447154	7380	2.03729e-05	TRUE	NA	NA	NA	NA	NA
CHIKV_SP	223	T	G	7476	0	35	1	0	25	0.000133565	7487	1	FALSE	NA	NA	NA	NA	NA
CHIKV_SP	223	T	A	7476	0	35	10	0	25	0.00133565	7487	1	FALSE	NA	NA	NA	NA	NA
CHIKV_SP	224	A	T	7617	0	35	2	0	31	0.000262364	7623	0.980469	FALSE	NA	NA	NA	NA	NA
CHIKV_SP	224	A	G	7617	0	35	1	0	25	0.000131182	7623	1	FALSE	NA	NA	NA	NA	NA
CHIKV_SP	224	A	C	7617	0	35	3	0	29	0.000393546	7623	1	FALSE	NA	NA	NA	NA	NA
CHIKV_SP	224	A	-C	7617	0	35	1	0	20	0.000131182	7623	1	FALSE	NA	NA	NA	NA	NA
CHIKV_SP	225	C	A	7331	0	35	44	0	30	0.0059661	7375	5.80156e-08	TRUE	NA	NA	NA	NA	NA
CHIKV_SP	226	C	A	7057	0	35	28	0	28	0.00395201	7085	0.999995	FALSE	NA	NA	NA	NA	NA
CHIKV_SP	227	C	A	7723	0	35	3	0	33	0.000388299	7726	0.945392	FALSE	NA	NA	NA	NA	NA
CHIKV_SP	228	G	T	7539	0	35	6	0	27	0.000792917	7567	1	FALSE	NA	NA	NA	NA	NA
CHIKV_SP	228	G	C	7539	0	35	21	0	27	0.00277521	7567	1	FALSE	NA	NA	NA	NA	NA
CHIKV_SP	228	G	A	7539	0	35	1	0	37	0.000132153	7567	0.996047	FALSE	NA	NA	NA	NA	NA
CHIKV_SP	229	G	C	7570	0	35	2	0	25	0.000264131	7572	1	FALSE	NA	NA	NA	NA	NA
CHIKV_SP	230	C	T	7941	0	35	8	0	37	0.00100604	7952	0.499802	FALSE	NA	NA	NA	NA	NA
CHIKV_SP	230	C	A	7941	0	35	3	0	29	0.000377264	7952	1	FALSE	NA	NA	NA	NA	NA
CHIKV_SP	231	G	T	7852	0	36	1	0	37	0.000127243	7859	0.996091	FALSE	NA	NA	NA	NA	NA
CHIKV_SP	231	G	C	7852	0	36	6	0	27	0.000763456	7859	1	FALSE	NA	NA	NA	NA	NA
CHIKV_SP	232	T	G	7363	0	35	2	0	31	0.00027115	7376	0.980402	FALSE	NA	NA	NA	NA	NA
CHIKV_SP	232	T	C	7363	0	35	3	0	37	0.000406725	7376	0.945157	FALSE	NA	NA	NA	NA	NA
CHIKV_SP	232	T	A	7363	0	35	8	0	26	0.0010846	7376	1	FALSE	NA	NA	NA	NA	NA
CHIKV_SP	233	C	G	7653	0	35	2	0	31	0.000261063	7661	0.98045	FALSE	NA	NA	NA	NA	NA
CHIKV_SP	233	C	A	7653	0	35	6	0	25	0.000783188	7661	1	FALSE	NA	NA	NA	NA	NA
CHIKV_SP	234	A	T	7651	0	35	2	0	31	0.000261233	7656	0.980478	FALSE	NA	NA	NA	NA	NA
CHIKV_SP	234	A	C	7651	0	35	3	0	37	0.00039185	7656	0.945347	FALSE	NA	NA	NA	NA	NA
CHIKV_SP	235	C	G	7898	0	36	3	0	29	0.000379603	7903	1	FALSE	NA	NA	NA	NA	NA
CHIKV_SP	235	C	A	7898	0	36	2	0	25	0.000253068	7903	1	FALSE	NA	NA	NA	NA	NA
CHIKV_SP	236	A	T	7510	0	35	1	0	25	0.000133014	7518	1	FALSE	NA	NA	NA	NA	NA
CHIKV_SP	236	A	G	7510	0	35	2	0	31	0.000266028	7518	0.98045	FALSE	NA	NA	NA	NA	NA
CHIKV_SP	236	A	C	7510	0	35	5	0	27	0.00066507	7518	1	FALSE	NA	NA	NA	NA	NA
CHIKV_SP	237	C	T	7920	0	35	1	0	37	0.000126183	7925	0.996095	FALSE	NA	NA	NA	NA	NA
CHIKV_SP	237	C	G	7920	0	35	1	0	37	0.000126183	7925	0.996095	FALSE	NA	NA	NA	NA	NA
CHIKV_SP	237	C	A	7920	0	35	3	0	33	0.000378549	7925	0.945346	FALSE	NA	NA	NA	NA	NA
CHIKV_SP	238	A	T	7580	0	35	1	0	37	0.000131857	7584	0.996097	FALSE	NA	NA	NA	NA	NA
CHIKV_SP	238	A	C	7580	0	35	3	0	29	0.00039557	7584	1	FALSE	NA	NA	NA	NA	NA
CHIKV_SP	239	C	A	7920	0	36	5	0	27	0.000630915	7925	1	FALSE	NA	NA	NA	NA	NA
CHIKV_SP	240	C	A	7627	0	35	5	0	32	0.000655136	7632	0.806311	FALSE	NA	NA	NA	NA	NA
CHIKV_SP	241	A	T	7044	0	35	17	0	34	0.00240045	7082	0.0313539	FALSE	NA	NA	NA	NA	NA
CHIKV_SP	241	A	C	7044	0	35	21	0	30	0.00296526	7082	0.0061245	TRUE	NA	NA	NA	NA	NA
CHIKV_SP	241	A	-C	7044	0	35	1	0	20	0.000141203	7082	1	FALSE	NA	NA	NA	NA	NA
CHIKV_SP	241	A	+C	7044	0	35	32	0	20	0.0045185	7082	0.999955	FALSE	NA	NA	NA	NA	NA
CHIKV_SP	242	C	T	7841	0	35	1	0	37	0.000127421	7848	0.996089	FALSE	NA	NA	NA	NA	NA
CHIKV_SP	242	C	A	7841	0	35	6	0	27	0.000764526	7848	1	FALSE	NA	NA	NA	NA	NA
CHIKV_SP	243	C	G	7543	0	35	1	0	25	0.000132398	7553	1	FALSE	NA	NA	NA	NA	NA
CHIKV_SP	243	C	A	7543	0	35	9	0	26	0.00119158	7553	1	FALSE	NA	NA	NA	NA	NA
CHIKV_SP	244	C	G	7793	0	36	1	0	25	0.000128222	7799	1	FALSE	NA	NA	NA	NA	NA
CHIKV_SP	244	C	A	7793	0	36	5	0	29	0.000641108	7799	1	FALSE	NA	NA	NA	NA	NA
CHIKV_SP	245	T	G	6832	0	35	19	0	30	0.00275163	6905	0.00689704	TRUE	NA	NA	NA	NA	NA
CHIKV_SP	245	T	C	6832	0	35	2	0	37	0.000289645	6905	0.963755	FALSE	NA	NA	NA	NA	NA
CHIKV_SP	245	T	A	6832	0	35	52	0	30	0.00753077	6905	1.36843e-10	TRUE	NA	NA	NA	NA	NA
CHIKV_SP	246	C	A	7941	0	35	1	0	37	0.000125913	7942	0.996103	FALSE	NA	NA	NA	NA	NA
CHIKV_SP	247	G	T	7554	0	35	1	0	37	0.000131787	7588	0.996035	FALSE	NA	NA	NA	NA	NA
CHIKV_SP	247	G	C	7554	0	35	32	0	34	0.00421719	7588	3.43668e-05	TRUE	NA	NA	NA	NA	NA
CHIKV_SP	247	G	A	7554	0	35	1	0	37	0.000131787	7588	0.996035	FALSE	NA	NA	NA	NA	NA
CHIKV_SP	248	G	T	7237	0	34	3	0	29	0.000414079	7245	1	FALSE	NA	NA	NA	NA	NA
CHIKV_SP	248	G	C	7237	0	34	5	0	25	0.000690131	7245	1	FALSE	NA	NA	NA	NA	NA
CHIKV_SP	249	G	T	7779	0	35	1	0	37	0.000128337	7792	0.996079	FALSE	NA	NA	NA	NA	NA
CHIKV_SP	249	G	C	7779	0	35	11	0	37	0.0014117	7792	0.240127	FALSE	NA	NA	NA	NA	NA
CHIKV_SP	249	G	A	7779	0	35	1	0	37	0.000128337	7792	0.996079	FALSE	NA	NA	NA	NA	NA
CHIKV_SP	250	G	T	7737	0	35	1	0	37	0.000129216	7739	0.996101	FALSE	NA	NA	NA	NA	NA
CHIKV_SP	250	G	C	7737	0	35	1	0	25	0.000129216	7739	1	FALSE	NA	NA	NA	NA	NA
CHIKV_SP	253	C	T	500	84	43	2	1	37	0.00398406	502	0.250249	FALSE	NA	NA	NA	NA	NA
CHIKV_SP	254	A	T	598	113	44	2	1	37	0.00333333	600	0.250209	FALSE	NA	NA	NA	NA	NA
CHIKV_SP	255	A	T	658	131	45	1	0	74	0.00151286	661	0.499621	FALSE	NA	NA	NA	NA	NA
CHIKV_SP	255	A	G	658	131	45	2	1	37	0.00302572	661	0.24981	FALSE	NA	NA	NA	NA	NA
CHIKV_SP	259	A	-T	913	203	47	1	0	20	0.00109529	913	0.999058	FALSE	NA	NA	NA	NA	NA
CHIKV_SP	260	T	A	918	201	47	1	0	20	0.00108814	919	0.999047	FALSE	NA	NA	NA	NA	NA
CHIKV_SP	261	T	C	939	207	46	3	0	65	0.00318471	942	0.125	FALSE	NA	NA	NA	NA	NA
CHIKV_SP	262	T	G	991	228	48	3	0	65	0.00301811	994	0.125	FALSE	NA	NA	NA	NA	NA
CHIKV_SP	264	C	T	1085	259	47	2	1	37	0.00183993	1087	0.500345	FALSE	NA	NA	NA	NA	NA
CHIKV_SP	267	T	A	1143	272	48	3	0	70	0.0026178	1146	0.125	FALSE	NA	NA	NA	NA	NA
CHIKV_SP	270	G	C	1299	314	48	3	2	33	0.00230061	1304	0.312068	FALSE	NA	NA	NA	NA	NA
CHIKV_SP	270	G	A	1299	314	48	2	1	49	0.00153374	1304	0.24952	FALSE	NA	NA	NA	NA	NA
CHIKV_SP	271	G	A	1329	321	49	1	0	74	0.00075188	1330	0.500188	FALSE	NA	NA	NA	NA	NA
CHIKV_SP	272	C	T	1374	337	48	3	1	49	0.00217391	1380	0.124592	FALSE	NA	NA	NA	NA	NA
CHIKV_SP	272	C	A	1374	337	48	3	0	74	0.00217391	1380	0.124592	FALSE	NA	NA	NA	NA	NA
CHIKV_SP	273	G	A	1436	359	48	3	0	70	0.00208478	1439	0.125	FALSE	NA	NA	NA	NA	NA
CHIKV_SP	275	T	A	1490	383	48	2	1	37	0.00134048	1492	0.500252	FALSE	NA	NA	NA	NA	NA
CHIKV_SP	276	G	C	1612	414	49	4	2	34	0.00247525	1616	0.1875	FALSE	NA	NA	NA	NA	NA
CHIKV_SP	277	T	C	1621	412	49	2	1	37	0.00123229	1623	0.500231	FALSE	NA	NA	NA	NA	NA
CHIKV_SP	278	C	T	1691	434	49	2	1	37	0.00118133	1693	0.500222	FALSE	NA	NA	NA	NA	NA
CHIKV_SP	279	A	T	1719	440	48	3	0	70	0.00174014	1724	0.124782	FALSE	NA	NA	NA	NA	NA
CHIKV_SP	279	A	C	1719	440	48	2	1	31	0.00116009	1724	0.499564	FALSE	NA	NA	NA	NA	NA
CHIKV_SP	281	G	+CACCCA	1835	482	49	2	0	20	0.00108992	1835	0.999981	FALSE	NA	NA	NA	NA	NA
CHIKV_SP	283	G	A	2063	554	49	3	0	66	0.00145208	2066	0.125	FALSE	NA	NA	NA	NA	NA
CHIKV_SP	284	T	C	2096	564	49	3	0	55	0.00142925	2099	0.125	FALSE	NA	NA	NA	NA	NA
CHIKV_SP	285	G	C	2223	601	49	3	0	62	0.0013471	2227	0.124916	FALSE	NA	NA	NA	NA	NA
CHIKV_SP	285	G	A	2223	601	49	1	0	48	0.000449035	2227	0.499775	FALSE	NA	NA	NA	NA	NA
CHIKV_SP	287	A	C	2357	640	49	3	0	65	0.00127119	2360	0.125	FALSE	NA	NA	NA	NA	NA
CHIKV_SP	289	A	T	2468	672	49	1	0	74	0.000405022	2469	0.500101	FALSE	NA	NA	NA	NA	NA
CHIKV_SP	289	A	-AGATCAC	2468	672	49	3	0	20	0.00121507	2469	0.999997	FALSE	NA	NA	NA	NA	NA
CHIKV_SP	291	G	A	2557	718	49	2	0	74	0.000781555	2559	0.249756	FALSE	NA	NA	NA	NA	NA
CHIKV_SP	291	G	+TGTCTTGG	2557	718	49	1	0	20	0.00039032	2562	1	FALSE	NA	NA	NA	NA	NA
CHIKV_SP	293	T	C	2639	734	50	3	1	49	0.0011355	2642	0.124787	FALSE	NA	NA	NA	NA	NA
CHIKV_SP	295	A	G	2686	730	48	1	0	36	0.000372024	2688	0.87486	FALSE	NA	NA	NA	NA	NA
CHIKV_SP	295	A	C	2686	730	48	1	0	74	0.000372024	2688	0.499721	FALSE	NA	NA	NA	NA	NA
CHIKV_SP	296	C	T	2739	758	49	1	0	74	0.000364964	2740	0.499818	FALSE	NA	NA	NA	NA	NA
CHIKV_SP	296	C	+GA	2739	758	49	2	0	20	0.000729129	2743	1	FALSE	NA	NA	NA	NA	NA
CHIKV_SP	300	A	T	2895	793	49	1	0	74	0.000345066	2898	0.499914	FALSE	NA	NA	NA	NA	NA
CHIKV_SP	300	A	C	2895	793	49	2	1	37	0.000690131	2898	0.687565	FALSE	NA	NA	NA	NA	NA
CHIKV_SP	300	A	+T	2895	793	49	2	0	20	0.000690131	2898	1	FALSE	NA	NA	NA	NA	NA
CHIKV_SP	301	G	T	2972	834	49	1	0	74	0.000336361	2973	0.500084	FALSE	NA	NA	NA	NA	NA
CHIKV_SP	303	T	G	3132	897	50	1	0	62	0.000319183	3133	0.50008	FALSE	NA	NA	NA	NA	NA
CHIKV_SP	304	G	+ACACATATACCT	3285	939	50	1	0	20	0.000304414	3285	1	FALSE	NA	NA	NA	NA	NA
CHIKV_SP	306	G	C	3379	966	50	1	0	74	0.000295858	3380	0.500074	FALSE	NA	NA	NA	NA	NA
CHIKV_SP	308	G	T	3595	1037	50	1	0	74	0.000278087	3596	0.50007	FALSE	NA	NA	NA	NA	NA
CHIKV_SP	309	A	T	3616	1022	49	1	1	25	0.000276472	3617	1	FALSE	NA	NA	NA	NA	NA
CHIKV_SP	309	A	+C	3616	1022	49	1	0	20	0.000276472	3617	1	FALSE	NA	NA	NA	NA	NA
CHIKV_SP	310	C	T	3676	1051	50	1	0	74	0.000271961	3677	0.500068	FALSE	NA	NA	NA	NA	NA
CHIKV_SP	311	T	C	3711	1069	50	1	0	74	0.000269397	3712	0.500067	FALSE	NA	NA	NA	NA	NA
CHIKV_SP	311	T	-G	3711	1069	50	1	0	20	0.000269397	3712	1	FALSE	NA	NA	NA	NA	NA
CHIKV_SP	312	G	T	3786	1089	50	1	0	62	0.000263922	3789	0.499868	FALSE	NA	NA	NA	NA	NA
CHIKV_SP	312	G	A	3786	1089	50	2	0	61	0.000527844	3789	0.249901	FALSE	NA	NA	NA	NA	NA
CHIKV_SP	314	T	+GC	3855	1117	50	1	0	20	0.000259403	3855	1	FALSE	NA	NA	NA	NA	NA
CHIKV_SP	316	G	+CA	3990	1153	50	2	0	20	0.000501253	3990	1	FALSE	NA	NA	NA	NA	NA
CHIKV_SP	317	T	A	3997	1149	50	1	0	74	0.000250125	3998	0.500063	FALSE	NA	NA	NA	NA	NA
CHIKV_SP	319	G	A	4059	1165	49	2	0	74	0.00049249	4061	0.250031	FALSE	NA	NA	NA	NA	NA
CHIKV_SP	320	C	A	4122	1184	50	1	0	74	0.000242542	4123	0.500061	FALSE	NA	NA	NA	NA	NA
CHIKV_SP	321	T	C	4132	1196	50	1	0	74	0.000241955	4133	0.50006	FALSE	NA	NA	NA	NA	NA
CHIKV_SP	323	T	C	4167	1199	50	1	1	25	0.000239923	4168	1	FALSE	NA	NA	NA	NA	NA
CHIKV_SP	324	T	C	4204	1220	50	1	0	74	0.000237812	4205	0.500059	FALSE	NA	NA	NA	NA	NA
CHIKV_SP	326	C	T	4253	1239	50	1	0	74	0.000235073	4254	0.500059	FALSE	NA	NA	NA	NA	NA
CHIKV_SP	328	G	A	4331	1264	50	2	1	37	0.000461574	4333	0.89076	FALSE	NA	NA	NA	NA	NA
CHIKV_SP	335	T	C	4505	1318	50	2	0	74	0.000443754	4507	0.250028	FALSE	NA	NA	NA	NA	NA
CHIKV_SP	336	C	T	4507	1310	50	2	1	37	0.000443557	4509	0.890755	FALSE	NA	NA	NA	NA	NA
CHIKV_SP	337	C	-T	4531	1318	50	1	0	20	0.000220702	4531	1	FALSE	NA	NA	NA	NA	NA
CHIKV_SP	339	A	T	4555	1314	50	1	1	25	0.000219394	4558	1	FALSE	NA	NA	NA	NA	NA
CHIKV_SP	339	A	G	4555	1314	50	2	0	74	0.000438789	4558	0.249973	FALSE	NA	NA	NA	NA	NA
CHIKV_SP	342	C	T	4590	1340	50	2	1	37	0.00043535	4594	0.890651	FALSE	NA	NA	NA	NA	NA
CHIKV_SP	342	C	G	4590	1340	50	1	0	36	0.000217675	4594	0.96875	FALSE	NA	NA	NA	NA	NA
CHIKV_SP	342	C	A	4590	1340	50	1	0	25	0.000217675	4594	1	FALSE	NA	NA	NA	NA	NA
CHIKV_SP	344	T	C	4607	1359	50	5	1	56	0.00108413	4612	0.0312331	FALSE	NA	NA	NA	NA	NA
CHIKV_SP	348	G	T	4691	1368	50	9	4	41	0.00191489	4700	0.00194752	TRUE	NA	NA	NA	NA	NA
CHIKV_SP	349	C	T	4726	1383	50	1	0	62	0.000211551	4727	0.500053	FALSE	NA	NA	NA	NA	NA
CHIKV_SP	350	T	C	4732	1401	50	1	0	74	0.000211282	4733	0.500053	FALSE	NA	NA	NA	NA	NA
CHIKV_SP	351	A	T	4774	1406	50	1	1	37	0.000209424	4775	0.968799	FALSE	NA	NA	NA	NA	NA
CHIKV_SP	355	G	A	4821	1424	50	4	2	37	0.000829016	4825	0.636889	FALSE	NA	NA	NA	NA	NA
CHIKV_SP	356	T	C	4839	1438	50	2	1	37	0.000413052	4842	0.890698	FALSE	NA	NA	NA	NA	NA
CHIKV_SP	356	T	A	4839	1438	50	1	0	25	0.000206526	4842	1	FALSE	NA	NA	NA	NA	NA
CHIKV_SP	357	G	T	4847	1436	50	2	1	37	0.000412456	4849	0.890746	FALSE	NA	NA	NA	NA	NA
CHIKV_SP	359	C	T	4858	1442	50	1	0	48	0.000205804	4859	0.500051	FALSE	NA	NA	NA	NA	NA
CHIKV_SP	361	T	C	4834	1433	50	2	0	49	0.000413565	4836	0.250026	FALSE	NA	NA	NA	NA	NA
CHIKV_SP	364	A	G	4863	1448	50	2	1	37	0.0004111	4865	0.890745	FALSE	NA	NA	NA	NA	NA
CHIKV_SP	367	A	G	4848	1445	50	1	0	74	0.000206228	4849	0.500052	FALSE	NA	NA	NA	NA	NA
CHIKV_SP	371	A	G	4847	1444	49	1	0	74	0.000206271	4848	0.500052	FALSE	NA	NA	NA	NA	NA
CHIKV_SP	372	C	A	4864	1454	50	2	0	74	0.000411015	4866	0.250026	FALSE	NA	NA	NA	NA	NA
CHIKV_SP	373	T	G	4843	1461	50	1	0	74	0.000206356	4846	0.499948	FALSE	NA	NA	NA	NA	NA
CHIKV_SP	373	T	C	4843	1461	50	1	0	74	0.000206356	4846	0.499948	FALSE	NA	NA	NA	NA	NA
CHIKV_SP	373	T	A	4843	1461	50	1	0	25	0.000206356	4846	1	FALSE	NA	NA	NA	NA	NA
CHIKV_SP	373	T	+TTA	4843	1461	50	1	0	20	0.000206356	4846	1	FALSE	NA	NA	NA	NA	NA
CHIKV_SP	374	A	G	4869	1458	50	1	0	74	0.000205339	4870	0.500051	FALSE	NA	NA	NA	NA	NA
CHIKV_SP	375	A	T	4849	1457	50	1	0	37	0.000206186	4850	0.968798	FALSE	NA	NA	NA	NA	NA
CHIKV_SP	381	C	A	4853	1462	50	1	0	74	0.000206016	4854	0.500052	FALSE	NA	NA	NA	NA	NA
CHIKV_SP	382	A	G	4837	1456	50	2	1	37	0.000413309	4839	0.890746	FALSE	NA	NA	NA	NA	NA
CHIKV_SP	385	T	C	4818	1459	49	2	1	31	0.000414938	4820	0.890747	FALSE	NA	NA	NA	NA	NA
CHIKV_SP	391	C	T	4831	1467	50	2	0	74	0.00041365	4835	0.249922	FALSE	NA	NA	NA	NA	NA
CHIKV_SP	391	C	A	4831	1467	50	2	0	31	0.00041365	4835	0.890649	FALSE	NA	NA	NA	NA	NA
CHIKV_SP	392	G	+A	4829	1464	50	1	0	20	0.000207082	4829	1	FALSE	NA	NA	NA	NA	NA
CHIKV_SP	393	A	G	4829	1461	49	1	0	20	0.000207039	4830	1	FALSE	NA	NA	NA	NA	NA
CHIKV_SP	393	A	+GAC	4829	1461	49	1	0	20	0.000207039	4830	1	FALSE	NA	NA	NA	NA	NA
CHIKV_SP	394	A	T	4825	1458	49	2	1	37	0.000414336	4827	0.890746	FALSE	NA	NA	NA	NA	NA
CHIKV_SP	395	G	C	3408	42	55	1	0	74	0.000293341	3409	0.500073	FALSE	NA	NA	NA	NA	NA
CHIKV_SP	396	G	A	3397	42	55	2	0	55	0.000588408	3399	0.250037	FALSE	NA	NA	NA	NA	NA
CHIKV_SP	396	G	-TA	3397	42	55	4	0	20	0.00117682	3399	1	FALSE	NA	NA	NA	NA	NA
CHIKV_SP	398	A	T	3373	46	54	2	0	74	0.000592593	3375	0.249741	FALSE	NA	NA	NA	NA	NA
CHIKV_SP	399	T	C	3390	43	55	1	0	37	0.000294898	3391	0.937592	FALSE	NA	NA	NA	NA	NA
CHIKV_SP	400	A	-TG	3374	40	55	2	0	20	0.000592768	3374	1	FALSE	NA	NA	NA	NA	NA
CHIKV_SP	400	A	-T	3374	40	55	2	0	20	0.000592768	3374	1	FALSE	NA	NA	NA	NA	NA
CHIKV_SP	400	A	+CC	3374	40	55	2	0	20	0.000592768	3374	1	FALSE	NA	NA	NA	NA	NA
CHIKV_SP	401	T	A	3376	44	55	1	0	74	0.000296121	3377	0.499778	FALSE	NA	NA	NA	NA	NA
CHIKV_SP	401	T	-G	3376	44	55	1	0	20	0.00029577	3381	1	FALSE	NA	NA	NA	NA	NA
CHIKV_SP	402	G	T	3356	47	55	1	0	74	0.000297885	3357	0.499851	FALSE	NA	NA	NA	NA	NA
CHIKV_SP	402	G	-T	3356	47	55	1	0	20	0.000297619	3360	1	FALSE	NA	NA	NA	NA	NA
CHIKV_SP	403	T	C	3371	44	55	1	0	74	0.00029656	3372	0.5	FALSE	NA	NA	NA	NA	NA
CHIKV_SP	403	T	-G	3371	44	55	4	0	20	0.00118589	3373	1	FALSE	NA	NA	NA	NA	NA
CHIKV_SP	403	T	+TAGGG	3371	44	55	1	0	20	0.000296472	3373	1	FALSE	NA	NA	NA	NA	NA
CHIKV_SP	403	T	+G	3371	44	55	2	0	20	0.000592944	3373	1	FALSE	NA	NA	NA	NA	NA
CHIKV_SP	404	G	-T	3360	45	55	5	0	20	0.00148633	3364	1	FALSE	NA	NA	NA	NA	NA
CHIKV_SP	405	T	G	3366	44	55	1	0	37	0.000296912	3368	0.93737	FALSE	NA	NA	NA	NA	NA
CHIKV_SP	405	T	A	3366	44	55	1	1	37	0.000296912	3368	0.93737	FALSE	NA	NA	NA	NA	NA
CHIKV_SP	405	T	-C	3366	44	55	3	0	20	0.000889416	3373	1	FALSE	NA	NA	NA	NA	NA
CHIKV_SP	406	C	T	3357	45	55	1	0	37	0.00029753	3361	0.93737	FALSE	NA	NA	NA	NA	NA
CHIKV_SP	406	C	G	3357	45	55	1	0	37	0.00029753	3361	0.93737	FALSE	NA	NA	NA	NA	NA
CHIKV_SP	406	C	A	3357	45	55	2	1	37	0.000595061	3361	0.812221	FALSE	NA	NA	NA	NA	NA
CHIKV_SP	407	C	G	3307	45	55	1	0	37	0.000302115	3310	0.937519	FALSE	NA	NA	NA	NA	NA
CHIKV_SP	407	C	A	3307	45	55	2	1	28	0.00060423	3310	1	FALSE	NA	NA	NA	NA	NA
CHIKV_SP	408	C	T	3326	42	55	1	0	36	0.000300481	3328	0.937556	FALSE	NA	NA	NA	NA	NA
CHIKV_SP	408	C	A	3326	42	55	1	0	37	0.000300481	3328	0.937556	FALSE	NA	NA	NA	NA	NA
CHIKV_SP	409	C	A	3317	41	55	2	1	37	0.000602591	3319	0.812688	FALSE	NA	NA	NA	NA	NA
CHIKV_SP	409	C	-T	3317	41	55	7	0	20	0.00210907	3319	0.999996	FALSE	NA	NA	NA	NA	NA
CHIKV_SP	410	T	A	3306	49	55	1	0	37	0.000302389	3307	0.93733	FALSE	NA	NA	NA	NA	NA
CHIKV_SP	410	T	-A	3306	49	55	12	0	20	0.003621	3314	0.999611	FALSE	NA	NA	NA	NA	NA
CHIKV_SP	411	A	C	3283	41	55	1	0	37	0.000304507	3284	0.937214	FALSE	NA	NA	NA	NA	NA
CHIKV_SP	412	A	T	3283	43	54	1	1	25	0.000304414	3285	1	FALSE	NA	NA	NA	NA	NA
CHIKV_SP	412	A	G	3283	43	54	1	0	62	0.000304414	3285	0.5	FALSE	NA	NA	NA	NA	NA
CHIKV_SP	412	A	-G	3283	43	54	6	0	20	0.00182648	3285	0.999998	FALSE	NA	NA	NA	NA	NA
CHIKV_SP	413	G	T	3265	41	55	1	0	25	0.000306091	3267	1	FALSE	NA	NA	NA	NA	NA
CHIKV_SP	413	G	A	3265	41	55	1	1	37	0.000306091	3267	0.937328	FALSE	NA	NA	NA	NA	NA
CHIKV_SP	414	A	-G	3264	40	54	1	0	20	0.000306373	3264	1	FALSE	NA	NA	NA	NA	NA
CHIKV_SP	415	G	T	3257	41	54	1	0	37	0.000306937	3258	0.937558	FALSE	NA	NA	NA	NA	NA
CHIKV_SP	415	G	+AC	3257	41	54	9	0	20	0.00276158	3259	0.999948	FALSE	NA	NA	NA	NA	NA
CHIKV_SP	416	A	-C	3261	38	54	8	0	20	0.00245324	3261	0.999981	FALSE	NA	NA	NA	NA	NA
CHIKV_SP	417	C	A	3247	39	55	1	0	74	0.000307882	3248	0.499462	FALSE	NA	NA	NA	NA	NA
CHIKV_SP	417	C	-A	3247	39	55	5	0	20	0.00153563	3256	0.999999	FALSE	NA	NA	NA	NA	NA
CHIKV_SP	418	A	C	3218	37	54	5	0	51	0.00155135	3223	0.0311049	FALSE	NA	NA	NA	NA	NA
CHIKV_SP	418	A	+C	3218	37	54	1	0	20	0.000309789	3228	1	FALSE	NA	NA	NA	NA	NA
CHIKV_SP	419	C	A	3202	40	54	10	0	50	0.00311333	3212	0.000971247	TRUE	NA	NA	NA	NA	NA
CHIKV_SP	420	A	C	3147	36	54	30	3	48	0.00944287	3177	8.73543e-10	TRUE	NA	NA	NA	NA	NA
CHIKV_SP	421	C	T	3155	43	54	2	0	37	0.000632911	3160	0.812401	FALSE	NA	NA	NA	NA	NA
CHIKV_SP	421	C	A	3155	43	54	3	0	37	0.000949367	3160	0.656176	FALSE	NA	NA	NA	NA	NA
CHIKV_SP	422	C	G	3110	66	54	1	0	29	0.000321234	3113	1	FALSE	NA	NA	NA	NA	NA
CHIKV_SP	422	C	A	3110	66	54	2	0	31	0.000642467	3113	0.8126	FALSE	NA	NA	NA	NA	NA
